Categoria;Total_Con_Impuesto;Cantidad_Ventas;Ticket_Promedio
Electrónica;96819.00025;167;504.1343413173653
Hogar;93731.64125;163;500.0354294478527
Moda;99584.3765;164;528.0189634146342
